experiment,step,total_steps,split,loss,train_time_ms,step_avg_ms
,,,train,,,
,{step},{args.num_iterations},val,{val_loss,,
,{step},{args.num_iterations},val,{val_loss,,
,,,train,,,
,{step+1},{args.num_iterations},train,{train_loss.item(),,
,{step+1},{args.num_iterations},train,{train_loss.item(),,
,0,200,val,15.9922,213,
,1,200,train,15.9944,46792,
,2,200,train,11.5180,47889,
,3,200,train,9.5388,48986,
,4,200,train,9.2496,50080,
,5,200,train,8.8959,51176,
,6,200,train,8.6647,52272,
,7,200,train,8.4043,53367,
,8,200,train,8.1785,54463,
,9,200,train,7.9448,55561,
,10,200,train,7.7744,56652,
,11,200,train,7.5611,1097,
,12,200,train,7.5204,2194,
,13,200,train,7.4699,3293,1097.61
,14,200,train,7.2301,4394,1098.42
,15,200,train,7.3200,5494,1098.83
,16,200,train,7.3319,6594,1098.96
,17,200,train,7.2085,7691,1098.74
,18,200,train,7.1259,8791,1098.93
,19,200,train,7.0015,9893,1099.20
,20,200,train,7.0439,10996,1099.60
,21,200,train,7.1409,12097,1099.74
,22,200,train,7.0348,13197,1099.74
,23,200,train,6.8067,14295,1099.65
,24,200,train,6.7561,15396,1099.69
,25,200,train,6.8323,16496,1099.70
,26,200,train,6.8115,17593,1099.57
,27,200,train,6.8984,18692,1099.50
,28,200,train,6.8192,19789,1099.38
,29,200,train,6.7144,20889,1099.43
,30,200,train,6.6785,21983,1099.17
,31,200,train,6.6760,23080,1099.05
,32,200,train,6.7907,24177,1098.96
,33,200,train,6.6650,25280,1099.11
,34,200,train,6.6070,26379,1099.12
,35,200,train,6.5418,27478,1099.14
,36,200,train,6.6220,28576,1099.07
,37,200,train,6.2805,29674,1099.05
,38,200,train,6.7316,30776,1099.14
,39,200,train,6.6180,31876,1099.16
,40,200,train,6.6171,32978,1099.25
,41,200,train,6.4311,34078,1099.30
,42,200,train,6.6617,35179,1099.33
,43,200,train,6.5247,36283,1099.47
,44,200,train,6.4088,37380,1099.41
,45,200,train,6.3863,38480,1099.43
,46,200,train,6.5109,39579,1099.41
,47,200,train,6.5350,40679,1099.43
,48,200,train,6.3516,41779,1099.44
,49,200,train,6.3892,42878,1099.44
,50,200,train,6.3723,43976,1099.41
,50,200,val,6.4141,43977,1099.41
,51,200,train,6.4016,45081,1099.54
,52,200,train,6.4286,46183,1099.60
,53,200,train,6.5681,47284,1099.63
,54,200,train,6.2058,48385,1099.65
,55,200,train,6.3306,49486,1099.69
,56,200,train,6.3314,50585,1099.68
,57,200,train,6.3762,51686,1099.70
,58,200,train,6.1999,52784,1099.68
,59,200,train,6.3456,53885,1099.70
,60,200,train,6.3874,54985,1099.70
,61,200,train,6.3436,56086,1099.73
,62,200,train,6.4671,57188,1099.76
,63,200,train,6.3327,58291,1099.83
,64,200,train,6.3986,59387,1099.77
,65,200,train,6.2439,60487,1099.76
,66,200,train,6.3564,61587,1099.76
,67,200,train,6.3147,62689,1099.81
,68,200,train,6.4134,63792,1099.87
,69,200,train,6.2253,64893,1099.89
,70,200,train,6.3149,65991,1099.85
,71,200,train,6.4535,67087,1099.79
,72,200,train,6.1651,68187,1099.80
,73,200,train,6.2764,69286,1099.78
,74,200,train,6.2648,70390,1099.84
,75,200,train,6.1916,71501,1100.02
,76,200,train,6.1644,72606,1100.09
,77,200,train,6.1645,73708,1100.11
,78,200,train,6.2308,74816,1100.23
,79,200,train,6.1324,75922,1100.32
,80,200,train,6.1404,77028,1100.40
,81,200,train,6.1338,78129,1100.41
,82,200,train,6.7033,79231,1100.43
,83,200,train,6.1980,80341,1100.57
,84,200,train,6.1776,81445,1100.61
,85,200,train,6.1368,82547,1100.63
,86,200,train,6.0875,83648,1100.64
,87,200,train,6.0992,84753,1100.69
,88,200,train,5.9753,85859,1100.75
,89,200,train,5.7287,86966,1100.83
,90,200,train,5.9866,88067,1100.83
,91,200,train,6.0561,89165,1100.81
,92,200,train,6.2147,90265,1100.80
,93,200,train,6.0013,91363,1100.76
,94,200,train,5.9861,92462,1100.74
,95,200,train,6.1558,93564,1100.75
,96,200,train,5.9463,94665,1100.75
,97,200,train,6.0014,95765,1100.75
,98,200,train,5.9712,96868,1100.77
,99,200,train,6.0571,97967,1100.75
,100,200,train,5.7669,99066,1100.73
,100,200,val,6.0072,99066,1100.74
,101,200,train,6.0618,100173,1100.80
,102,200,train,6.0878,101277,1100.84
,103,200,train,6.0273,102378,1100.84
,104,200,train,5.8125,103481,1100.86
,105,200,train,5.9143,104586,1100.91
,106,200,train,5.9878,105692,1100.96
,107,200,train,6.0174,106794,1100.97
,108,200,train,5.9981,107896,1100.98
,109,200,train,5.9073,108996,1100.97
,110,200,train,6.0676,110095,1100.95
,111,200,train,5.9586,111195,1100.94
,112,200,train,5.9509,112295,1100.93
,113,200,train,6.1097,113395,1100.93
,114,200,train,5.8792,114495,1100.92
,115,200,train,5.8284,115595,1100.91
,116,200,train,5.9179,116695,1100.90
,117,200,train,5.9024,117796,1100.89
,118,200,train,5.7873,118897,1100.90
,119,200,train,5.9634,119997,1100.89
,120,200,train,5.8705,121098,1100.89
,121,200,train,5.9463,122198,1100.88
,122,200,train,5.6881,123299,1100.88
,123,200,train,5.9039,124399,1100.88
,124,200,train,5.8543,125497,1100.86
,125,200,train,5.7938,126599,1100.86
,126,200,train,5.8273,127702,1100.88
,127,200,train,6.0196,128803,1100.88
,128,200,train,5.8425,129907,1100.91
,129,200,train,5.7581,131012,1100.94
,130,200,train,5.6971,132117,1100.98
,131,200,train,6.0659,133221,1101.00
,132,200,train,5.7669,134329,1101.05
,133,200,train,5.7823,135434,1101.09
,134,200,train,5.9167,136536,1101.10
,135,200,train,5.6641,137636,1101.09
,136,200,train,5.7912,138736,1101.08
,137,200,train,5.7128,139836,1101.07
,138,200,train,5.7200,140936,1101.06
,139,200,train,5.7853,142037,1101.06
,140,200,train,5.9017,143137,1101.06
,141,200,train,5.8526,144238,1101.05
,142,200,train,5.8452,145336,1101.03
,143,200,train,5.8215,146436,1101.02
,144,200,train,5.6933,147535,1101.01
,145,200,train,5.7669,148635,1101.00
,146,200,train,5.6411,149734,1100.99
,147,200,train,5.6594,150834,1100.98
,148,200,train,5.7465,151937,1100.99
,149,200,train,5.7947,153035,1100.97
,150,200,train,5.8524,154136,1100.97
,150,200,val,5.7238,154136,1100.97
,151,200,train,5.6295,155239,1100.99
,152,200,train,5.6517,156336,1100.96
,153,200,train,5.4680,157435,1100.95
,154,200,train,5.7346,158543,1100.99
,155,200,train,5.7713,159638,1100.95
,156,200,train,5.8085,160736,1100.93
,157,200,train,5.7236,161835,1100.92
,158,200,train,5.6158,162947,1101.00
,159,200,train,5.5879,164044,1100.97
,160,200,train,5.6364,165137,1100.91
,161,200,train,5.5472,166236,1100.90
,162,200,train,5.6475,167333,1100.87
,163,200,train,5.5863,168433,1100.87
,164,200,train,5.5375,169534,1100.87
,165,200,train,5.4791,170633,1100.86
,166,200,train,5.7251,171734,1100.86
,167,200,train,5.4269,172834,1100.85
,168,200,train,5.5786,173933,1100.84
,169,200,train,5.6402,175034,1100.85
,170,200,train,5.6238,176134,1100.84
,171,200,train,5.5815,177235,1100.84
,172,200,train,5.8425,178334,1100.83
,173,200,train,5.5288,179435,1100.83
,174,200,train,5.7017,180534,1100.82
,175,200,train,5.8282,181635,1100.82
,176,200,train,5.6188,182735,1100.81
,177,200,train,5.6450,183836,1100.82
,178,200,train,5.8407,184936,1100.81
,179,200,train,5.5861,186039,1100.82
,180,200,train,5.6777,187137,1100.81
,181,200,train,5.4978,188236,1100.79
,182,200,train,5.7216,189335,1100.78
,183,200,train,5.6281,190466,1100.96
,184,200,train,5.5317,191571,1100.98
,185,200,train,5.5718,192674,1101.00
,186,200,train,5.5154,193776,1101.00
,187,200,train,5.7779,194877,1101.00
,188,200,train,5.6438,195978,1101.00
,189,200,train,5.0935,197077,1100.99
,190,200,train,5.4743,198177,1100.98
,191,200,train,5.5970,199380,1101.55
,192,200,train,5.5567,200479,1101.53
,193,200,train,4.9023,201582,1101.54
,194,200,train,5.7275,202686,1101.55
,195,200,train,5.4564,203793,1101.58
,196,200,train,5.6637,204895,1101.59
,197,200,train,5.5623,205996,1101.58
,198,200,train,5.6320,207097,1101.58
,199,200,train,5.5214,208200,1101.59
,200,200,train,5.7020,209306,1101.61
,200,200,val,5.6127,209306,1101.61
